{
  "accuracy": [
    0.21061266958713531,
    0.1875,
    0.2945016622543335,
    0.3125,
    0.38408100605010986,
    0.421875,
    0.43096527457237244,
    0.375,
    0.45568162202835083,
    0.375,
    0.46793505549430847,
    0.390625,
    0.4794204831123352,
    0.515625,
    0.4912550151348114,
    0.53125,
    0.4986908733844757,
    0.46875,
    0.5130389332771301,
    0.5,
    0.5188339948654175,
    0.625,
    0.5266189575195312,
    0.703125,
    0.5300401449203491,
    0.421875,
    0.537196695804596,
    0.546875,
    0.5614243149757385,
    0.625,
    0.581427812576294,
    0.578125,
    0.5814627408981323,
    0.546875,
    0.5859661102294922,
    0.609375,
    0.5860708951950073,
    0.640625,
    0.5914819240570068,
    0.484375,
    0.5931575894355774,
    0.609375,
    0.5962297320365906,
    0.640625,
    0.6008378267288208,
    0.640625,
    0.5974864959716797,
    0.671875,
    0.5983242988586426,
    0.65625,
    0.6013615131378174,
    0.578125,
    0.6030721068382263,
    0.484375,
    0.6041194200515747,
    0.5625,
    0.6075406074523926,
    0.609375,
    0.6043288707733154,
    0.546875,
    0.6103683114051819,
    0.640625,
    0.6104381084442139,
    0.515625,
    0.6140338778495789,
    0.609375,
    0.6152207851409912,
    0.65625,
    0.6187816262245178,
    0.625,
    0.6174899339675903,
    0.5625,
    0.615290641784668,
    0.640625,
    0.6197940111160278,
    0.703125,
    0.6152207851409912,
    0.53125,
    0.6172106862068176,
    0.625,
    0.6197940111160278,
    0.59375,
    0.6187816262245178,
    0.5625,
    0.6180834174156189,
    0.640625,
    0.6213998794555664,
    0.625,
    0.6160935759544373,
    0.59375,
    0.6200034618377686,
    0.703125,
    0.6180485486984253,
    0.53125,
    0.6123930811882019,
    0.5,
    0.6207715272903442,
    0.609375,
    0.6193053126335144,
    0.625
  ],
  "val_accuracy": [
    0.25006964802742004,
    0.24784062802791595,
    0.40080803632736206,
    0.38757315278053284,
    0.4289495646953583,
    0.41209250688552856,
    0.4745054244995117,
    0.4901086688041687,
    0.5029256343841553,
    0.5041794180870056,
    0.4837001860141754,
    0.4795207679271698,
    0.5164391398429871,
    0.5151852965354919,
    0.530509889125824,
    0.5282808542251587,
    0.5494566559791565,
    0.5395653247833252,
    0.5222903490066528,
    0.5220116972923279,
    0.5522429943084717,
    0.553496778011322,
    0.5555865168571472,
    0.5569796562194824,
    0.5488994121551514,
    0.5452772378921509,
    0.5572583079338074,
    0.5578155517578125,
    0.5977988243103027,
    0.5982167720794678,
    0.6043466329574585,
    0.6042072772979736,
    0.6047645807266235,
    0.6046252250671387,
    0.6047645807266235,
    0.6057397723197937,
    0.6106157898902893,
    0.6096405386924744,
    0.6139593124389648,
    0.6124268770217896,
    0.6101978421211243,
    0.6090832948684692,
    0.6125661730766296,
    0.6117302775382996,
    0.6004458069801331,
    0.6014209985733032,
    0.6184173822402954,
    0.6182780861854553,
    0.6146559119224548,
    0.6140986084938049,
    0.6147952079772949,
    0.6143772602081299,
    0.6178601384162903,
    0.6184173822402954,
    0.6108943819999695,
    0.6108943819999695,
    0.6210643649101257,
    0.6217609643936157,
    0.6081081032752991,
    0.6086653470993042,
    0.6170242428779602,
    0.6167455911636353,
    0.6161883473396301,
    0.6164669990539551,
    0.6224575042724609,
    0.6223182082176208,
    0.622596800327301,
    0.622596800327301,
    0.623293399810791,
    0.623572051525116,
    0.6242685914039612,
    0.6244078874588013,
    0.6241292953491211,
    0.6241292953491211,
    0.6244078874588013,
    0.6244078874588013,
    0.6239899396896362,
    0.6241292953491211,
    0.6242685914039612,
    0.6242685914039612,
    0.6246865391731262,
    0.6246865391731262,
    0.6241292953491211,
    0.6239899396896362,
    0.623711347579956,
    0.6238506436347961,
    0.6239899396896362,
    0.6239899396896362,
    0.623711347579956,
    0.623711347579956,
    0.6241292953491211,
    0.6239899396896362,
    0.623711347579956,
    0.623711347579956,
    0.6239899396896362,
    0.6238506436347961,
    0.6241292953491211,
    0.6242685914039612,
    0.6241292953491211,
    0.6244078874588013
  ],
  "loss": [
    2.286421775817871,
    2.0335657596588135,
    1.774740219116211,
    1.8912293910980225,
    1.574568510055542,
    1.6468350887298584,
    1.4682499170303345,
    1.6583436727523804,
    1.4246104955673218,
    1.3912253379821777,
    1.382920265197754,
    1.4946293830871582,
    1.363457441329956,
    1.3263850212097168,
    1.33904230594635,
    1.2566957473754883,
    1.3123167753219604,
    1.4854133129119873,
    1.2979241609573364,
    1.216242790222168,
    1.2771387100219727,
    1.1721795797348022,
    1.261785626411438,
    0.88740074634552,
    1.247237205505371,
    1.4849375486373901,
    1.233269453048706,
    1.2446075677871704,
    1.1594460010528564,
    1.0111374855041504,
    1.1219688653945923,
    1.1114287376403809,
    1.1166348457336426,
    1.1283390522003174,
    1.0991462469100952,
    1.015856385231018,
    1.0950874090194702,
    0.9491188526153564,
    1.087056279182434,
    1.2245988845825195,
    1.0792927742004395,
    1.048156499862671,
    1.071463942527771,
    0.9873064160346985,
    1.068461537361145,
    1.185706615447998,
    1.0627050399780273,
    0.9246752262115479,
    1.0610188245773315,
    1.0115234851837158,
    1.0524694919586182,
    0.9847985506057739,
    1.0496021509170532,
    1.1908701658248901,
    1.0429936647415161,
    1.09429132938385,
    1.0415370464324951,
    1.0241186618804932,
    1.040406584739685,
    1.1280076503753662,
    1.0324982404708862,
    1.1309282779693604,
    1.0311760902404785,
    1.2098881006240845,
    1.0247399806976318,
    1.0066614151000977,
    1.0188298225402832,
    0.943524956703186,
    1.0121047496795654,
    1.0411956310272217,
    1.0110212564468384,
    1.0226337909698486,
    1.0202453136444092,
    0.9933426976203918,
    1.0133821964263916,
    0.8719295263290405,
    1.017137885093689,
    1.0908037424087524,
    1.0154807567596436,
    0.9247338771820068,
    1.0117104053497314,
    1.1923213005065918,
    1.0132882595062256,
    1.038082480430603,
    1.0180951356887817,
    0.94637531042099,
    1.0112899541854858,
    0.9427628517150879,
    1.0156195163726807,
    1.0386757850646973,
    1.0113788843154907,
    0.9713572859764099,
    1.0135421752929688,
    1.1328778266906738,
    1.0142204761505127,
    1.29477858543396,
    1.0100455284118652,
    1.149881362915039,
    1.0157127380371094,
    0.895531415939331
  ],